"Territory","year","recruitment_female","recruitment_male","breeding_proba","hatching_success","productivity","wind_b2_prebreeding","wind_a7_prebreeding","rainfall_prebredding","min_T_prebreeding","max_T_prebreeding","wind_b2_incubation","wind_a7_incubation","rainfall_incubation","min_T_incubation","max_T_incubation","wind_b2_rearing","wind_a7_rearing","rainfall_rearing","min_T_rearing","max_T_rearing","number_recruitment","fledging_success"
1,2009,0,0,1,1,0,35,0,176.231,0.019,9.086,17,0,25.295,0.421,11.009,74,1,230.105,4.137,24.383,"0",0
1,2011,0,0,1,1,2,40,0,132.592,-1.894,10.998,18,0,86.565,3.461,10.775,71,0,190.355,6.951,24.623,"0",1
1,2013,0,0,1,1,2,25,1,104.577,-0.747,11.93,16,2,71.157,-1.58,10.198,45,0,317.293,2.638,26.068,"0",1
1,2014,0,0,1,1,1,27,1,484.399,3.582,10.699,16,0,54.076,4.797,11.063,58,0,145.323,7.032,24.641,"0",1
1,2015,0,0,1,1,2,30,0,112.613,0.915,14.302,18,0,73.825,4.863,12.426,67,3,179.382,6.964,24.314,"0",1
1,2016,0,0,1,1,0,39,0,77.794,1.852,13.418,12,1,70.836,4.292,11.351,44,1,123.952,6.026,24.891,"0",0
1,2017,1,0,0,0,0,35,1,87.196,-1.026,11.984,16,0,32.407,6.109,13.783,71,0,163.147,8.325,26.094,"F",0
1,2018,0,0,0,0,0,26,4,122.814,1.209,13.459,15,0,100.515,-2.659,11.293,72,0,311.864,3.483,24.084,"0",0
1,2019,0,0,1,1,1,35,0,82.579,0.223,12.444,15,0,2.214,5.368,12.829,65,0,150.377,6.537,29.891,"0",1
1,2020,0,0,1,1,1,32,1,103.911,3.627,16.827,11,0,41.049,5.299,12.297,70,0,230.454,2.474,24.959,"0",1
1,2021,0,0,1,1,1,27,0,145.761,-0.121,12.099,20,0,6.861,3.524,11.783,71,0,195.789,4.068,24.125,"0",1
1,2022,0,0,1,0,0,44,0,72.218,2.174,14.953,15,0,6.771,3.716,13.956,74,2,102.911,3.819,26.355,"0",0
10,2009,0,0,0,0,0,26,0,135.241,-0.877,9.905,6,2,21.447,0.477,11.557,51,1,219.742,4.666,24.504,"0",0
10,2010,0,1,1,1,1,25,0,194.68,-3.94,12.344,6,0,80.779,0.519,9.712,53,4,269.774,6.513,24.444,"M",1
10,2011,0,0,1,1,1,29,1,102.106,-2.25,11.826,12,0,52.822,4.078,11.001,60,1,174.023,7.377,23.895,"0",1
10,2012,0,0,1,0,0,17,2,20.622,-5.698,10.856,12,2,1.323,3.645,12.81,46,2,227.921,7.031,26.092,"0",0
10,2013,0,0,1,1,2,20,4,73.42,-1.613,10.44,13,2,47.75,-2.338,10.808,41,3,281.411,2.317,26.165,"0",1
10,2014,0,0,1,1,1,25,1,366.636,3.272,11.35,14,0,48.48,4.908,12.115,48,1,133.092,6.557,25.071,"0",1
10,2015,0,0,1,1,2,21,0,102.947,0.225,12.627,13,2,61.386,4.599,11.607,59,4,199.762,6.792,24.772,"0",1
10,2016,1,0,0,0,0,44,0,75.078,1.343,12.993,9,0,47.755,3.679,10.02,37,1,133.235,5.267,24.687,"F",0
10,2017,0,0,1,0,0,28,2,75.098,-1.304,12.657,13,0,28.7,5.337,13.663,59,1,183.883,7.643,26.632,"0",0
10,2018,1,0,1,1,1,21,0,136.192,0.991,13.633,7,0,74.311,-3.533,12.189,59,0,295.63,3.829,24.493,"F",1
10,2019,0,0,1,0,0,23,3,82.588,0.753,11.663,15,0,5.784,5.09,11.96,53,2,135.274,6.722,31.091,"0",0
10,2020,0,0,1,1,2,29,0,103.556,3.333,14.776,10,0,37.936,4.183,13.6,69,0,199.764,3.579,24.393,"0",1
10,2021,0,1,1,1,1,22,1,111.086,-0.685,12.235,18,0,8.755,3.977,11.896,53,1,189.406,4.368,25.306,"M",1
12,2010,0,0,1,0,0,24,0,188.924,-4.142,12.19,7,0,81.624,0.137,9.672,54,2,266.481,6.485,24.522,"0",0
12,2011,0,1,0,0,0,28,1,101.002,-2.417,11.865,13,0,51.228,4.126,10.909,59,1,167.433,7.385,23.936,"M",0
12,2012,0,0,1,1,0,18,2,21.506,-6.034,10.656,12,2,1.44,3.506,12.851,47,0,230.692,6.85,25.833,"0",0
12,2013,0,0,1,1,1,23,3,70.376,-1.791,10.278,13,1,47.272,-2.411,10.732,47,2,283.821,2.138,25.96,"0",1
12,2014,0,0,1,1,2,30,0,357.083,3.163,11.312,15,0,48.163,4.693,12.113,51,0,131.713,6.387,25.209,"0",1
12,2015,0,0,1,1,1,22,0,102.072,0.055,12.526,12,1,60.51,4.407,11.679,60,2,202.784,6.682,24.716,"0",1
12,2016,0,0,1,1,2,46,0,77.349,1.113,12.79,9,0,45.123,3.532,9.867,40,1,143.556,4.977,24.505,"0",1
12,2017,0,0,1,1,1,27,2,73.956,-1.469,12.489,14,0,28.274,5.121,13.595,60,1,192.481,7.431,26.698,"0",1
12,2018,0,0,1,1,1,22,0,144.636,0.953,13.291,8,0,76.943,-3.861,12.194,58,0,298.206,3.774,24.468,"0",1
12,2019,0,0,1,1,1,24,2,85.831,0.787,11.505,16,0,7.426,5.016,11.884,55,2,136.894,6.543,31.241,"0",1
12,2020,0,0,1,0,0,29,0,104.544,3.296,14.516,10,0,39.714,3.926,13.6,66,0,194.636,3.759,24.248,"0",0
12,2021,0,0,0,0,0,22,1,113.366,-0.867,12.127,18,0,9.586,3.914,11.782,52,1,193.549,4.313,25.391,"0",0
13,2009,0,0,1,1,1,23,0,148.978,-1.197,10.309,6,2,22.218,0.864,11.629,47,2,215.921,5.269,25.318,"0",1
13,2010,0,0,1,1,1,20,0,189.806,-3.595,12.416,6,0,82.932,0.172,10.138,48,3,252.644,6.985,25.167,"0",1
13,2011,0,0,1,1,1,27,1,104.82,-1.984,12.16,10,0,55.761,4.504,11.067,53,2,160.858,7.771,24.224,"0",1
13,2012,1,0,1,1,2,15,3,18.7,-5.645,11.139,11,2,1.403,3.915,13.167,46,2,217.475,7.229,26.111,"F",1
13,2013,0,0,1,1,1,22,4,69.393,-1.484,10.741,12,1,48.446,-2.009,11.277,44,3,275.247,2.528,26.016,"0",1
13,2014,0,0,1,1,1,29,1,338.798,3.613,11.753,14,0,45.148,5.085,12.375,44,1,121.178,6.805,25.726,"0",1
13,2015,0,0,1,1,2,22,1,102.539,0.382,12.535,11,2,57.668,4.748,12.202,59,3,205.292,6.81,25.17,"0",1
13,2016,1,1,1,0,0,45,0,74.14,1.493,12.989,9,1,43.833,3.604,10.067,36,2,142.803,5.051,24.827,"MF",0
13,2017,0,0,1,1,2,25,2,75.712,-1.265,12.904,14,0,25.805,5.437,14.027,53,1,189.244,7.709,27.022,"0",1
13,2018,1,0,1,0,0,20,0,151.011,1.387,13.616,6,0,75.793,-3.641,12.678,57,0,291.82,4.32,24.673,"F",0
13,2019,0,0,1,0,0,24,6,80.253,1.29,11.731,16,0,7.405,5.48,12.004,53,3,129.651,6.951,31.624,"0",0
13,2020,0,0,1,1,2,29,0,100.555,3.482,14.442,9,0,35.654,4.575,13.919,64,1,181.574,4.371,24.682,"0",1
13,2021,0,0,1,0,0,22,1,113.148,-0.45,12.324,16,0,10.507,4.438,12.023,49,2,181.444,4.802,25.904,"0",0
13,2022,0,0,1,1,2,35,3,57.543,0.877,14.074,16,0,19.185,3.679,12.971,63,2,87.368,3.633,28.221,"0",1
14,2009,0,0,1,1,1,22,0,158.117,-1.225,10.498,6,2,22.704,1.057,11.659,48,2,215.686,5.52,25.616,"0",1
14,2010,0,0,1,1,1,20,0,189.57,-3.368,12.48,6,0,84.704,0.132,10.326,49,3,246.976,7.219,25.424,"0",1
14,2012,0,0,1,0,0,15,3,17.757,-5.52,11.407,9,3,1.4,4.046,13.273,44,3,215.096,7.344,26.195,"0",0
14,2013,0,1,1,1,2,22,4,68.996,-1.378,10.9,11,1,48.751,-1.827,11.481,45,3,274.001,2.696,26.008,"M",1
14,2015,0,0,0,0,0,21,4,101.434,0.504,12.502,12,2,56.254,4.905,12.448,60,3,206.336,6.874,25.369,"0",0
14,2016,0,0,1,1,2,45,0,74.826,1.612,13.03,9,1,43.611,3.604,10.14,37,2,147.663,5.108,24.932,"0",1
14,2017,0,0,1,1,2,24,2,78.289,-1.24,13.03,14,0,25.155,5.563,14.165,53,1,189.817,7.816,27.188,"0",1
14,2018,0,0,0,0,0,22,0,156.194,1.577,13.704,6,0,78.626,-3.576,12.869,56,0,293.172,4.572,24.756,"0",0
14,2021,0,1,1,0,0,22,1,114.993,-0.346,12.408,16,0,11.779,4.638,12.104,51,2,180.236,5.006,26.111,"M",0
14,2022,0,1,1,0,0,35,2,56.111,0.792,14.232,15,0,23.502,3.781,13.081,63,2,86.176,3.778,28.431,"M",0
15,2009,0,0,1,1,1,25,0,206.675,-3.812,8.363,7,1,24.705,-1.085,10.577,44,0,248.015,4.011,24.752,"0",1
15,2010,0,0,1,1,2,25,0,165.403,-5.544,10.611,8,0,94.679,-3.263,8.582,49,1,312.562,5.449,23.426,"0",1
15,2011,0,0,1,1,2,29,1,154.527,-3.874,10.675,11,0,83.559,3.749,9.193,58,0,167.505,6.749,24.364,"0",1
15,2012,0,0,1,1,2,14,3,33.073,-8.277,9.83,6,1,3.764,1.434,12.113,47,1,313.286,5.125,24.198,"0",1
15,2013,0,0,0,0,0,23,1,77.313,-3.972,9.283,9,1,56.727,-4.015,9.605,45,0,380.832,0.251,23.692,"0",0
15,2014,0,0,1,1,1,26,1,375.153,2.421,10.089,17,0,43.86,3.364,10.137,36,0,155.031,4.759,24.307,"0",1
15,2015,0,0,1,1,0,19,3,88.985,-2.038,11.285,9,1,53.926,2.444,11.229,53,0,226.732,4.917,24.214,"0",0
15,2016,0,0,1,1,1,41,0,117.955,-0.596,10.848,10,1,45.966,1.339,9.737,42,0,278.348,2.625,23.399,"0",1
15,2017,1,0,0,0,0,23,0,107.693,-3.922,10.412,13,0,32.513,3.929,11.87,50,0,264.257,5.211,26.017,"F",0
15,2018,0,0,1,1,0,21,0,179.998,-0.447,10.994,8,0,112.088,-6.906,11.273,54,2,399.617,2.016,23.355,"0",0
15,2019,0,0,1,1,0,22,3,80.712,-0.401,9.908,15,0,27.147,5.086,11.171,50,2,213.782,4.74,30.083,"0",0
15,2020,0,0,1,1,1,31,0,127.823,1.964,12.581,10,0,51.731,3.494,12.481,59,0,241.6,4.209,22.687,"0",1
15,2021,0,0,1,1,1,22,1,166.089,-2.162,10.359,15,0,21.628,3.151,10.362,46,0,272.41,2.984,24.304,"0",1
15,2022,0,0,1,1,1,29,0,63.899,-0.114,12.446,13,0,55.047,2.181,11.331,59,0,135.713,1.003,27.566,"0",1
16,2009,0,0,1,1,2,26,0,209.082,-3.322,8.797,7,1,25.12,-0.69,10.662,49,0,246.676,4.327,25.034,"0",1
16,2010,0,0,1,1,2,25,0,174.67,-5.078,10.96,9,0,97.25,-2.707,8.98,50,1,309.031,5.871,23.906,"0",1
16,2011,0,0,1,1,1,31,1,154.262,-3.417,10.992,13,0,82.495,4.21,9.566,61,0,167.572,7.079,24.364,"0",1
16,2012,0,0,1,1,2,14,2,31.058,-7.792,10.246,7,0,3.532,1.902,12.408,51,0,300.194,5.534,24.559,"0",1
16,2013,0,0,1,1,2,27,1,78.082,-3.41,9.558,9,1,58.585,-3.515,9.855,49,0,373.515,0.736,24.114,"0",1
16,2014,0,0,1,1,2,31,1,379.779,2.659,10.456,19,0,45.575,3.622,10.467,42,0,151.072,5.174,24.702,"0",1
16,2015,0,0,1,1,2,23,2,92.502,-1.495,11.635,12,1,55.255,2.961,11.494,60,0,227.829,5.303,24.492,"0",1
16,2016,0,0,1,1,1,44,0,113.473,-0.274,11.285,10,1,45.492,1.665,9.782,45,0,264.359,3.046,23.68,"0",1
16,2017,0,0,1,1,2,26,0,105.434,-3.509,10.888,13,0,31.524,4.15,12.322,52,0,258.801,5.714,26.326,"0",1
16,2018,0,0,1,1,2,24,0,181.469,0.035,11.253,11,0,112.737,-6.385,11.583,56,0,393.633,2.527,23.643,"0",1
16,2019,0,1,1,0,0,22,3,84.056,0.165,10.242,17,0,25.289,5.18,11.467,54,2,203.943,5.166,30.45,"M",0
16,2020,0,0,1,1,2,34,0,126.206,2.432,12.949,11,0,51.313,3.579,12.843,63,0,233.329,4.35,22.98,"0",1
16,2021,1,0,1,0,0,25,1,163.52,-1.843,10.763,16,0,21.344,3.328,10.597,50,0,264.403,3.341,24.666,"F",0
16,2022,0,0,1,1,1,32,0,63.278,0.114,12.792,13,0,53.418,2.42,11.656,63,0,130.728,1.557,27.816,"0",1
19,2009,0,0,1,1,1,19,0,220.884,-1.958,10.197,6,2,24.617,1.1,11.508,42,0,239.912,5.993,26.134,"0",1
19,2010,0,1,1,1,1,23,0,191.392,-3.206,11.816,7,0,101.754,-0.877,10.2,49,1,265.244,7.404,25.49,"M",1
19,2011,0,0,1,1,1,25,1,145.767,-1.714,11.813,10,0,93.815,4.986,10.552,50,0,157.073,8.054,24.473,"0",1
19,2012,1,0,0,0,0,14,7,18.458,-5.749,11.687,6,2,1.744,3.643,13.507,39,1,245.252,7.181,25.853,"F",0
19,2013,0,0,1,0,0,24,2,76.361,-1.688,10.572,8,1,64.48,-1.883,11.347,42,2,330.473,2.616,24.624,"0",0
19,2014,0,0,1,1,0,32,1,332.151,3.828,11.725,14,0,41.245,5.191,11.74,38,2,125.668,6.784,26.019,"0",0
19,2015,0,0,1,1,1,20,5,88.657,0.007,12.36,9,1,50.35,4.686,13.07,56,1,219.504,6.283,25.809,"0",1
19,2016,0,0,1,1,2,41,0,101.288,1.072,12.655,10,1,51.443,3.016,10.448,34,2,219.355,4.74,24.424,"0",1
19,2017,0,0,1,1,1,19,2,118.611,-1.79,12.275,14,0,28.964,5.649,13.93,50,1,221.832,7.425,27.116,"0",1
19,2018,0,0,1,1,1,20,0,196.178,1.477,12.822,6,0,114.722,-4.409,12.64,55,2,348.688,4.436,24.543,"0",1
19,2019,0,0,1,1,1,21,6,72.861,1.909,11.57,16,0,16.748,5.981,12.645,49,4,166.018,6.674,31.525,"0",1
19,2020,0,0,1,1,1,28,0,120.152,3.205,14.014,8,0,41.014,5.459,13.962,59,1,213.562,5.441,24.322,"0",1
19,2021,0,0,1,1,1,20,1,142.068,-0.521,11.694,15,0,25.117,4.627,11.33,47,0,210.632,5.056,25.998,"0",1
19,2022,0,0,1,1,1,30,1,55.813,0.842,14.264,12,0,61.531,3.733,12.957,57,1,105.016,3.407,28.723,"0",1
2,2009,0,0,1,1,2,32,0,154.921,-0.276,9.549,14,1,23.426,0.511,11.362,68,1,223.464,4.403,24.386,"0",1
2,2010,0,0,1,1,2,25,0,214.208,-3.424,12.348,8,0,82.695,1.071,9.655,63,1,314.161,6.481,23.703,"0",1
2,2011,0,0,1,1,2,38,0,117.264,-2.019,11.408,16,0,70.739,3.804,11.036,69,1,187.132,7.176,24.328,"0",1
2,2012,0,0,1,0,0,23,2,23.092,-4.918,11.322,21,1,1.426,3.575,12.178,50,0,232.552,7.398,26.328,"0",0
2,2013,0,0,1,1,1,24,2,90.567,-1.085,11.226,15,3,57.06,-1.976,10.604,41,1,294.723,2.599,26.491,"0",1
2,2014,1,0,1,1,2,26,1,438.228,3.457,11.09,13,0,52.477,5.122,11.617,56,0,139.262,6.836,24.747,"F",1
2,2015,0,0,1,1,2,28,0,109.876,0.627,13.58,16,1,69.452,5,11.969,58,4,183.661,6.994,24.416,"0",1
2,2016,0,0,1,1,1,43,0,75.578,1.742,13.363,11,0,61.448,4.02,10.77,39,1,120.994,5.827,24.917,"0",1
2,2017,0,0,1,1,2,29,2,82.104,-1.177,12.386,15,0,31.629,5.833,13.789,66,0,168.429,8.076,26.567,"0",1
2,2018,0,0,0,0,0,27,3,123.118,1.078,13.792,11,0,84.876,-2.881,11.752,65,0,303.586,3.602,24.394,"0",0
2,2019,0,0,1,1,2,32,2,77.762,0.324,12.157,15,0,2.617,5.357,12.259,56,1,141.779,6.851,30.381,"0",1
2,2020,0,0,1,1,1,33,0,102.31,3.394,15.883,10,0,38.14,4.826,12.955,69,0,217.89,2.886,24.689,"0",1
2,2021,0,0,1,1,1,25,0,124.901,-0.328,12.348,18,0,7.144,3.911,11.946,65,1,191.412,4.205,24.567,"0",1
2,2022,0,0,1,1,2,41,0,72.689,1.774,14.503,16,0,6.441,3.705,13.528,72,1,93.326,3.842,26.587,"0",1
20,2009,0,0,1,0,0,18,0,226.264,-1.921,10.162,6,2,24.541,1.321,11.705,39,0,243.36,6.237,26.288,"0",0
20,2010,0,0,1,1,2,23,0,191.195,-3.034,11.745,7,0,102.945,-0.831,10.248,49,1,259.479,7.496,25.572,"0",1
20,2011,0,0,1,1,1,24,2,146.987,-1.574,11.721,9,0,103.281,5.1,10.632,50,0,157.277,8.128,24.509,"0",1
20,2012,0,0,1,1,1,14,5,17.216,-5.563,11.785,6,3,1.516,3.814,13.659,39,1,243.069,7.282,25.921,"0",1
20,2013,1,0,1,0,0,24,2,77.149,-1.607,10.578,8,1,69.436,-1.8,11.446,39,2,331.621,2.791,24.327,"F",0
20,2014,1,0,0,0,0,30,1,313.74,3.901,11.716,14,0,38.849,5.325,11.66,37,2,126.392,6.836,26.05,"F",0
20,2015,0,0,1,0,0,18,5,83.798,0.045,12.382,9,1,47.462,4.786,13.361,54,1,219.207,6.192,26.02,"0",0
20,2016,1,0,1,1,1,40,0,102.904,1.097,12.745,9,1,53.868,3.07,10.619,32,2,223.166,4.926,24.456,"F",1
20,2017,0,0,1,0,0,18,2,129.925,-1.621,12.224,14,0,30.204,5.829,14.046,49,0,217.907,7.517,27.094,"0",0
20,2018,0,0,1,1,1,19,0,203.971,1.529,13.069,6,0,118.63,-4.281,12.639,55,2,348.823,4.581,24.531,"0",1
20,2019,0,0,1,1,2,21,6,69.673,1.983,11.681,16,0,16.363,6.056,12.863,48,3,165.473,6.68,31.568,"0",1
20,2020,0,0,1,1,1,26,0,123.48,3.249,14.117,8,0,39.617,5.834,14.014,58,0,216.963,5.583,24.305,"0",1
20,2021,0,0,1,1,2,20,1,140.17,-0.437,11.774,15,0,29.42,4.718,11.228,44,1,205.151,5.243,26.142,"0",1
20,2021,0,0,0,0,0,20,1,140.17,-0.437,11.774,15,0,29.42,4.718,11.228,44,1,205.151,5.243,26.142,"0",0
21,2009,0,0,1,1,2,18,0,242.01,-3.042,8.75,7,1,23.279,0.419,11.282,39,0,262.051,5.582,25.773,"0",1
21,2010,0,0,1,0,0,21,0,183.071,-4.051,10.524,7,0,105.596,-2.13,9.087,45,1,270.393,6.273,24.158,"0",0
21,2011,0,0,1,0,0,25,1,151.503,-2.531,10.604,8,0,127.777,4.293,10.074,48,0,159.475,7.36,24.182,"0",0
21,2012,1,0,1,0,0,13,3,26.338,-6.552,10.848,8,1,1.828,2.696,13.007,35,1,280.379,6.203,25.117,"F",0
21,2013,0,0,1,1,1,18,1,85.795,-2.973,9.758,10,1,79.283,-3.066,10.412,31,1,362.376,1.747,22.724,"0",1
21,2014,0,0,1,0,0,23,0,287.905,3.164,10.491,14,0,35.394,4.558,10.726,27,0,150.004,5.716,24.804,"0",0
21,2015,1,0,1,0,0,19,3,71.988,-0.92,11.658,8,1,38.538,3.616,12.943,46,0,220.987,4.976,25.495,"F",0
21,2016,0,0,1,1,1,34,0,124.864,0.26,11.747,8,1,63.934,2.162,10.54,30,2,267.147,4.453,23.628,"0",1
21,2017,0,0,1,1,2,18,0,167.631,-2.693,10.758,11,0,40.486,5.369,12.956,41,0,232.026,6.426,25.844,"0",1
21,2018,0,0,1,1,2,15,0,229.932,0.353,12.515,6,0,132.393,-5.247,11.681,48,2,381.395,3.567,23.725,"0",1
21,2019,0,0,1,1,2,19,3,66.943,0.762,11.043,14,0,20.667,5.638,12.289,43,2,190.013,5.324,30.405,"0",1
21,2020,0,0,1,1,1,23,0,149.691,2.963,13.326,8,0,48.578,5.033,12.934,48,0,245.674,4.995,23.237,"0",1
21,2021,1,0,1,1,0,18,0,155.179,-1.413,11.007,13,0,42.528,4.02,10.43,39,0,219.256,4.444,25.14,"F",0
21,2022,0,0,1,0,0,31,0,61.312,1.029,13.794,11,0,105.508,3.224,12.263,49,0,129.161,2.136,28.35,"0",0
22,2009,0,0,1,0,0,16,0,243.087,-2.194,9.623,7,1,23.951,1.317,11.703,37,0,253.456,6.346,26.403,"0",0
22,2010,0,0,1,0,0,21,0,189.58,-3.028,11.193,7,0,106.823,-1.118,9.975,42,1,250.464,7.195,25.184,"0",0
22,2011,0,0,1,0,0,24,1,145.906,-1.595,11.27,8,0,129.891,5.175,10.827,49,0,157.669,7.935,24.378,"0",0
22,2012,1,0,1,1,0,12,5,19.059,-5.51,11.637,7,2,1.4,3.613,13.455,34,1,249.357,7.14,25.693,"F",0
22,2013,0,0,1,1,2,21,2,81.546,-1.906,10.446,8,1,82.549,-2.052,11.281,30,2,340.753,2.772,23.242,"0",1
22,2014,0,0,1,1,2,25,0,263.331,3.773,11.292,14,0,33.826,5.362,11.177,27,2,135.83,6.61,25.698,"0",1
22,2015,0,1,1,1,2,18,3,70.678,-0.166,12.297,8,1,38,4.632,13.598,45,1,217.908,5.616,26.153,"M",1
22,2016,0,0,1,1,2,36,0,108.14,0.913,12.571,8,1,62.27,2.931,10.826,30,2,238.882,5.25,24.247,"0",1
22,2017,0,0,1,1,2,18,1,162.945,-1.786,11.648,10,0,36.477,6.151,13.81,44,0,212.058,7.411,26.551,"0",1
22,2018,0,0,1,1,2,17,0,227.42,1.2,13.349,6,0,129.822,-4.272,12.35,51,2,355.677,4.564,24.287,"0",1
22,2019,0,0,1,1,2,18,3,63.138,1.809,11.548,15,0,15.983,5.989,12.938,42,2,167.921,6.235,31.07,"0",1
22,2020,0,0,1,1,2,25,0,136.58,3.316,14.116,8,0,39.871,5.865,13.646,49,0,227.464,5.665,23.968,"0",1
22,2021,0,0,1,1,1,18,1,139.799,-0.711,11.729,16,0,42.269,4.661,11.02,40,1,198.313,5.287,26.058,"0",1
22,2022,0,0,1,1,0,30,1,53.885,1.384,14.591,11,0,104.411,3.857,13.033,50,0,115.788,3.22,28.754,"0",0
23,2020,1,1,0,0,0,23,0,146.227,3.241,13.623,8,0,46.552,5.332,13.118,46,0,244.736,5.181,23.574,"MF",0
23,2021,0,0,1,1,1,16,1,149.973,-1.109,11.424,12,0,46.141,4.441,10.758,36,0,203.728,4.842,25.581,"0",1
23,2022,0,1,1,1,0,30,1,60.917,1.123,14.162,10,0,114.357,3.6,12.554,46,1,128.469,2.54,28.559,"M",0
24,2009,0,1,0,0,0,19,0,240.044,-3.034,8.614,5,1,22.289,0.631,11.605,37,0,262.905,5.795,26.043,"M",0
24,2010,0,0,0,0,0,22,0,181.119,-3.888,10.42,7,0,102.61,-1.978,9.22,43,1,258.71,6.196,24.23,"0",0
24,2011,0,0,1,1,1,22,2,141.86,-2.405,10.675,8,0,139.157,4.237,10.242,45,0,164.137,7.508,24.069,"0",1
24,2012,0,0,1,0,0,11,4,33.938,-6.259,10.902,7,1,2.311,2.75,12.935,35,1,277.738,6.292,25.236,"0",0
24,2013,1,0,1,1,1,16,1,93.005,-2.924,10.167,11,1,87.961,-3.021,10.599,31,1,361.245,1.967,22.364,"F",1
24,2014,0,0,1,1,2,21,0,250.36,3.176,10.406,12,0,36.178,4.744,10.781,25,0,158.286,5.692,24.877,"0",1
24,2015,0,1,1,0,0,19,3,71.217,-0.91,11.708,9,1,37.682,3.779,13.169,44,0,221.368,4.812,25.676,"M",0
24,2016,0,0,1,1,2,31,0,126.337,0.443,11.838,6,1,68.744,2.126,10.65,29,2,269.646,4.753,23.518,"0",1
24,2017,0,0,1,1,1,19,2,188.453,-2.667,10.727,10,0,45.745,5.729,12.96,41,0,221.968,6.568,25.507,"0",1
24,2018,0,0,1,1,2,13,1,242.101,0.266,12.782,5,0,134.759,-4.839,11.895,48,1,381.691,3.706,23.809,"0",1
24,2019,0,0,1,1,2,19,2,69.581,0.938,11.319,14,0,19.535,5.787,12.364,36,2,186.647,5.3,30.156,"0",1
24,2020,0,0,1,1,1,22,0,151.411,3.059,13.448,8,0,50.441,5.063,12.838,44,0,252.908,4.862,23.374,"0",1
24,2021,0,0,1,1,2,14,0,156.543,-1.408,11.386,10,0,49.366,4.358,10.656,35,0,206.06,4.613,25.324,"0",1
24,2022,0,0,1,1,1,29,1,65.94,0.964,14.001,11,0,122.616,3.499,12.35,42,1,136.506,2.176,28.44,"0",1
25,2009,0,0,1,1,1,19,0,240.044,-3.034,8.614,5,1,22.289,0.631,11.605,37,0,262.905,5.795,26.043,"0",1
25,2010,0,0,1,1,2,22,0,181.119,-3.888,10.42,7,0,102.61,-1.978,9.22,43,1,258.71,6.196,24.23,"0",1
25,2011,0,0,1,0,0,22,2,141.86,-2.405,10.675,8,0,139.157,4.237,10.242,45,0,164.137,7.508,24.069,"0",0
25,2012,0,1,1,0,0,11,4,33.938,-6.259,10.902,7,1,2.311,2.75,12.935,35,1,277.738,6.292,25.236,"M",0
25,2013,0,0,1,1,1,16,1,93.005,-2.924,10.167,11,1,87.961,-3.021,10.599,31,1,361.245,1.967,22.364,"0",1
25,2014,0,0,0,0,0,21,0,250.36,3.176,10.406,12,0,36.178,4.744,10.781,25,0,158.286,5.692,24.877,"0",0
25,2015,0,0,1,1,2,19,3,71.217,-0.91,11.708,9,1,37.682,3.779,13.169,44,0,221.368,4.812,25.676,"0",1
25,2016,0,1,0,0,0,31,0,126.337,0.443,11.838,6,1,68.744,2.126,10.65,29,2,269.646,4.753,23.518,"M",0
25,2017,1,0,0,0,0,19,2,188.453,-2.667,10.727,10,0,45.745,5.729,12.96,41,0,221.968,6.568,25.507,"F",0
25,2018,0,0,0,0,0,13,1,242.101,0.266,12.782,5,0,134.759,-4.839,11.895,48,1,381.691,3.706,23.809,"0",0
25,2019,0,0,0,0,0,19,2,69.581,0.938,11.319,14,0,19.535,5.787,12.364,36,2,186.647,5.3,30.156,"0",0
25,2020,0,0,1,0,0,22,0,151.411,3.059,13.448,8,0,50.441,5.063,12.838,44,0,252.908,4.862,23.374,"0",0
25,2021,0,1,0,0,0,14,0,156.543,-1.408,11.386,10,0,49.366,4.358,10.656,35,0,206.06,4.613,25.324,"M",0
25,2022,0,0,0,0,0,29,1,65.94,0.964,14.001,11,0,122.616,3.499,12.35,42,1,136.506,2.176,28.44,"0",0
26,2009,0,0,1,1,2,18,1,235.859,-3.354,8.789,7,1,20.85,0.549,12.266,27,0,263.09,5.85,26.302,"0",1
26,2010,0,0,1,1,2,18,2,175.046,-4.019,9.995,7,0,97.098,-2.091,9.249,34,2,244.595,5.72,24.035,"0",1
26,2012,0,0,1,1,2,9,6,51.187,-6.527,10.72,7,2,3.774,2.417,12.621,33,3,283.456,5.85,25.128,"0",1
26,2013,0,0,1,1,2,13,2,108.561,-3.079,10.83,10,3,103.817,-3.315,10.631,24,1,363.254,1.993,21.448,"0",1
26,2014,0,0,1,1,2,16,1,189.61,3.011,10.01,8,0,38.543,4.869,10.829,20,1,179.767,5.339,24.815,"0",1
26,2015,0,0,1,1,1,17,3,69.074,-1.287,11.662,8,2,38.61,3.727,13.34,38,3,222.599,4.258,25.665,"0",1
26,2016,0,0,1,1,2,24,0,130.74,0.54,11.706,3,4,76.91,1.823,10.657,21,2,280.698,4.649,22.98,"0",1
26,2017,0,0,1,1,1,17,3,235.226,-3.064,10.351,9,1,55.89,5.849,12.637,36,0,204.441,6.465,25.419,"0",1
26,2018,0,0,1,0,0,13,5,252.48,-0.242,13.056,5,0,137.13,-4.446,11.934,42,1,395.399,3.387,23.752,"0",0
26,2019,0,1,1,0,0,14,3,73.763,0.872,11.673,14,1,18.209,5.815,12.052,31,1,186.911,5.01,29.096,"M",0
26,2020,0,0,0,0,0,15,3,156.82,2.692,13.522,5,0,57.634,4.907,12.496,38,0,275.375,4.306,23.27,"0",0
26,2021,0,0,1,1,1,13,2,158.935,-1.785,11.891,6,0,63.586,4.873,10.919,30,0,190.219,4.434,25.37,"0",1
26,2022,0,0,0,0,0,28,2,76.967,0.524,14.122,7,1,155.503,3.758,12.209,34,2,157.208,1.779,28.226,"0",0
27,2010,1,1,1,1,1,15,3,153,-4.285,9.679,7,0,73.238,-2.002,9.55,31,2,241.539,4.722,23.98,"MF",1
27,2012,0,0,1,1,2,9,8,75.932,-7.027,10.581,7,1,9.063,2.149,12.517,28,2,276.757,5.122,25.139,"0",1
27,2013,0,0,1,1,2,11,2,134.845,-2.513,11.609,8,3,98.932,-3.2,11.056,16,1,342.761,2.087,21.32,"0",1
27,2014,0,0,1,1,2,18,1,162.232,3.082,10.352,7,0,47.067,4.967,11.025,18,1,208.124,5.057,24.841,"0",1
27,2015,0,0,1,0,0,15,4,86.418,-1.58,11.235,4,3,58.348,3.494,13.315,33,6,226.95,3.956,25.374,"0",0
27,2016,0,0,1,1,2,21,0,137.789,1.282,11.731,2,3,80.825,1.703,10.401,21,3,263.556,4.485,22.371,"0",1
27,2017,0,0,1,1,1,16,4,227.698,-3.373,10.637,9,1,66.818,5.66,12.347,37,0,194.586,6.298,25.324,"0",1
27,2018,0,0,1,1,2,14,5,239.848,-0.683,13.404,5,1,108.096,-3.903,12.041,41,1,385.658,2.743,23.759,"0",1
27,2019,0,0,1,1,1,14,4,91.049,0.849,11.902,12,1,14.762,6.32,11.967,29,1,186.098,5.227,27.83,"0",1
27,2020,0,0,1,1,1,19,3,156.194,2.37,13.662,5,0,72.486,4.985,11.919,33,0,297.071,3.831,23.092,"0",1
27,2021,0,0,1,1,2,17,5,163.701,-1.667,12.18,7,1,59.848,5.874,11.632,24,0,167.338,4.013,25.449,"0",1
27,2022,0,0,1,1,0,27,2,92.225,0.015,13.951,5,1,141.77,4.49,11.929,34,2,165.579,1.624,28.174,"0",0
28,2014,0,0,1,1,1,20,1,124.73,3.66,11.049,6,1,38.466,5.436,11.577,17,3,188.8,5.748,25.519,"0",1
28,2016,0,0,1,0,0,25,0,108.935,1.577,12.353,2,4,76.894,2.53,10.766,21,3,240.691,4.909,22.822,"0",0
28,2017,0,0,1,1,1,17,3,235.233,-2.439,11.062,8,1,59.208,6.271,13.48,36,0,176.51,6.936,25.24,"0",1
28,2018,0,0,1,1,2,14,5,218.301,-0.135,14.387,5,0,107.03,-3.168,12.194,38,5,369.054,3.36,24.208,"0",1
28,2019,0,0,1,1,2,14,6,74.307,1.613,12.369,13,1,10.624,6.466,12.635,30,1,168.413,5.809,28.696,"0",1
28,2020,0,0,1,0,0,20,2,155.784,2.983,14.871,5,0,60.295,5.502,12.62,35,0,310.472,4.08,23.52,"0",0
28,2021,0,0,1,1,1,16,6,127.095,-1.254,12.757,7,0,65.051,6.207,11.995,23,2,141.521,4.577,26.021,"0",1
28,2022,0,0,0,0,0,27,3,79.017,0.6,14.726,5,1,148.549,4.79,12.604,33,2,158.232,2.372,28.397,"0",0
29,2009,0,0,1,1,1,23,2,176.046,-3.028,8.985,8,1,17.685,1.274,13.275,37,0,235.2,6.055,25.883,"0",1
29,2010,0,0,1,1,2,19,3,111.674,-3.876,9.94,7,0,64.162,-1.946,9.902,35,2,214.023,3.93,24.042,"0",1
29,2013,0,0,1,1,1,13,3,98.645,-0.331,12.242,11,4,120.277,-2.723,11.495,22,1,275.227,2.471,21.467,"0",1
29,2014,0,0,1,1,0,22,1,107.177,3.478,10.925,7,1,35.182,4.993,11.148,19,2,188.599,5.25,24.688,"0",0
29,2015,0,0,1,0,0,16,4,66.065,-1.357,12.17,6,1,46.166,3.651,13.427,37,4,217.281,3.708,25.282,"0",0
29,2016,1,0,0,0,0,30,0,86.873,1.714,12.177,4,3,62.366,2.324,10.76,24,2,214.797,4.358,22.204,"F",0
29,2017,0,0,0,0,0,19,4,190.862,-2.717,10.82,11,0,52.325,5.709,13.55,40,0,180.923,6.119,24.732,"0",0
29,2018,0,0,1,1,1,14,4,178.761,-0.834,14.271,6,0,83.478,-3.258,11.721,41,2,340.342,2.692,23.604,"0",1
29,2019,0,0,1,1,1,17,4,66.776,1.181,12.098,13,1,7.511,6.503,12.383,31,1,169.566,5.418,28.311,"0",1
29,2020,0,0,1,1,1,24,1,153.415,2.308,14.864,5,0,52.815,5.2,12.372,41,0,329.499,3.312,22.886,"0",1
29,2021,0,0,0,0,0,16,2,98.983,-1.557,12.5,8,0,49.571,6.407,11.821,26,2,129.975,3.857,25.536,"0",0
29,2022,0,0,0,0,0,30,2,71.412,0.779,14.357,6,1,109.941,4.638,12.207,40,2,155.155,1.901,28.027,"0",0
3,2009,0,0,1,1,2,32,0,154.921,-0.276,9.549,14,1,23.426,0.511,11.362,68,1,223.464,4.403,24.386,"0",1
3,2010,1,0,1,1,1,25,0,214.208,-3.424,12.348,8,0,82.695,1.071,9.655,63,1,314.161,6.481,23.703,"F",1
3,2011,0,0,1,0,0,38,0,117.264,-2.019,11.408,16,0,70.739,3.804,11.036,69,1,187.132,7.176,24.328,"0",0
3,2012,0,0,1,1,1,23,2,23.092,-4.918,11.322,21,1,1.426,3.575,12.178,50,0,232.552,7.398,26.328,"0",1
3,2013,0,0,1,1,2,24,2,90.567,-1.085,11.226,15,3,57.06,-1.976,10.604,41,1,294.723,2.599,26.491,"0",1
3,2014,0,0,1,1,1,26,1,438.228,3.457,11.09,13,0,52.477,5.122,11.617,56,0,139.262,6.836,24.747,"0",1
3,2015,0,0,1,1,2,28,0,109.876,0.627,13.58,16,1,69.452,5,11.969,58,4,183.661,6.994,24.416,"0",1
3,2016,0,0,1,1,2,43,0,75.578,1.742,13.363,11,0,61.448,4.02,10.77,39,1,120.994,5.827,24.917,"0",1
3,2017,0,0,1,1,2,29,2,82.104,-1.177,12.386,15,0,31.629,5.833,13.789,66,0,168.429,8.076,26.567,"0",1
3,2018,0,0,1,0,0,27,3,123.118,1.078,13.792,11,0,84.876,-2.881,11.752,65,0,303.586,3.602,24.394,"0",0
3,2019,0,0,1,0,0,32,2,77.762,0.324,12.157,15,0,2.617,5.357,12.259,56,1,141.779,6.851,30.381,"0",0
3,2020,0,0,1,0,0,33,0,102.31,3.394,15.883,10,0,38.14,4.826,12.955,69,0,217.89,2.886,24.689,"0",0
3,2021,0,0,1,1,2,25,0,124.901,-0.328,12.348,18,0,7.144,3.911,11.946,65,1,191.412,4.205,24.567,"0",1
3,2022,0,0,1,1,2,41,0,72.689,1.774,14.503,16,0,6.441,3.705,13.528,72,1,93.326,3.842,26.587,"0",1
31,2009,0,0,0,0,0,25,1,157.962,-3.77,8.374,8,1,16.829,0.859,12.755,42,0,230.532,5.099,24.799,"0",0
31,2011,0,0,0,0,0,25,4,60.567,-3.165,10.498,9,0,115.493,2.635,10.248,35,1,223.671,6.609,22.91,"0",0
31,2012,0,0,0,0,0,11,8,52.186,-6.194,10.141,7,2,8.597,1.958,12.24,36,2,208.086,3.917,24.536,"0",0
31,2013,0,0,0,0,0,13,3,95.453,-0.188,11.694,11,4,105.179,-3.549,10.889,27,1,253.35,1.613,20.697,"0",0
31,2014,0,0,0,0,0,23,0,106.249,2.953,10.341,9,1,33.563,4.099,10.409,25,1,194.52,4.269,23.347,"0",0
31,2015,0,0,0,0,0,16,5,63.804,-2.331,11.627,7,1,48.222,2.644,12.55,37,3,215.559,2.778,24.453,"0",0
31,2016,0,0,0,0,0,36,0,80.488,0.793,11.565,5,2,51.812,1.201,10.33,29,2,197.599,3.572,21.687,"0",0
31,2017,1,0,0,0,0,21,2,146.741,-3.514,10.099,11,0,46.312,4.827,13.169,43,0,187.016,4.914,24.364,"F",0
31,2018,0,0,1,1,1,16,2,157.294,-1.936,13.663,8,0,62.459,-3.736,11.169,46,2,319.316,1.419,22.735,"0",1
31,2019,0,0,1,0,0,17,4,65.045,0.154,11.381,13,0,6.335,6.148,11.707,34,0,173.861,4.628,27.45,"0",0
31,2020,0,0,1,1,1,28,0,149.566,1.368,14.346,7,0,52.651,4.522,12.122,44,0,333.585,2.348,21.986,"0",1
31,2021,0,0,1,0,0,20,1,89.203,-2.326,11.833,9,0,33.92,6.325,11.315,32,0,128.226,2.734,24.604,"0",0
33,2009,0,0,1,1,2,19,0,244.775,-2.811,8.886,7,1,21.39,0.929,12.173,32,0,256.121,6.103,26.498,"0",1
33,2010,0,1,0,0,0,20,0,180.105,-3.5,10.405,7,0,102.128,-1.649,9.594,39,1,240.326,6.341,24.457,"M",0
33,2011,1,0,0,0,0,21,2,134.719,-2.056,10.873,8,0,153.297,4.482,10.643,36,0,170.795,7.717,23.921,"F",0
33,2012,0,0,0,0,0,9,5,37.238,-5.903,11.175,7,1,2.51,2.926,12.898,35,1,266.674,6.635,25.365,"0",0
33,2013,1,0,0,0,0,16,2,97.129,-2.522,10.924,10,1,99.703,-2.762,10.994,27,1,351.388,2.421,21.947,"F",0
33,2014,0,0,1,1,1,20,0,201.608,3.337,10.401,12,0,35.659,5.171,10.985,22,0,163.718,5.919,25.241,"0",1
33,2015,0,0,1,1,2,18,3,65.138,-0.728,12.114,9,1,34.825,4.197,13.556,40,3,218.409,4.752,26.001,"0",1
33,2016,0,0,1,1,2,28,0,118.89,0.724,12.158,5,3,71.497,2.284,10.813,27,2,262.409,5.013,23.581,"0",1
33,2017,0,0,1,1,2,16,3,211.233,-2.479,10.803,9,0,48.921,6.412,13.18,39,0,202.171,6.958,25.758,"0",1
33,2018,1,0,1,0,0,13,4,244.938,0.329,13.399,5,0,138.15,-4.232,12.124,45,2,378.663,3.984,24.035,"F",0
33,2019,0,0,1,1,1,18,3,67.682,1.353,11.809,14,0,16.409,5.943,12.488,33,1,177.558,5.511,29.803,"0",1
33,2020,0,0,1,1,2,18,1,147.478,3.085,13.898,6,0,49.512,5.331,12.971,41,0,255.425,4.838,23.639,"0",1
33,2021,0,1,1,1,2,14,1,147.784,-1.278,12.117,8,0,58.074,4.929,11.06,36,0,187.728,4.921,25.697,"M",1
33,2022,1,0,0,0,0,30,1,66.279,0.812,14.561,9,1,143.59,3.851,12.704,39,2,142.556,2.413,28.474,"F",0
34,2009,0,0,1,1,1,23,1,142.15,-0.473,10.53,7,2,21.896,1.173,11.849,49,2,213.042,5.289,24.795,"0",1
34,2010,0,0,1,1,2,22,0,203.885,-3.149,12.849,6,0,80.001,1.131,10.255,50,4,262.584,7.067,25.013,"0",1
34,2011,0,0,1,1,2,29,2,101.903,-1.635,12.259,12,0,55.609,4.527,11.506,57,1,170.318,7.85,24.363,"0",1
34,2012,0,0,1,0,0,16,2,17.502,-4.901,11.416,14,2,1.066,3.884,13.004,40,2,205.503,7.764,26.877,"0",0
34,2013,0,0,1,1,2,19,4,75.692,-1.073,11.09,12,3,44.224,-1.815,11.489,37,3,260.24,2.966,26.695,"0",1
34,2014,0,0,1,1,2,22,1,369.105,3.93,12.019,13,0,47.468,5.702,12.545,47,1,122.09,7.254,25.444,"0",1
34,2015,0,1,1,1,2,21,0,105.609,0.725,12.917,12,2,62.852,5.194,11.985,59,5,194.339,7.262,25.33,"M",1
34,2016,0,0,1,1,2,42,1,70.036,2.114,13.515,8,0,52.126,4.071,10.532,33,1,114.701,5.832,25.357,"0",1
34,2017,0,0,1,1,2,24,2,77.092,-0.798,13.174,13,0,28.191,6.105,14.144,59,1,170.296,8.182,27.203,"0",1
34,2018,0,0,1,1,2,19,0,129.826,1.495,14.517,7,0,68.028,-2.701,12.687,59,0,274.961,4.271,24.929,"0",1
34,2019,0,0,1,1,1,22,3,70.225,1.144,12.105,15,0,2.854,5.741,12.524,50,2,123.627,7.426,31.263,"0",1
34,2020,0,0,1,1,1,28,0,97.12,3.848,15.197,10,0,31.827,5.117,13.848,61,0,194.648,4.067,25.038,"0",1
34,2021,0,0,1,1,2,21,1,105.916,0.026,12.736,16,0,7.479,4.719,12.419,50,3,170.218,4.944,25.776,"0",1
34,2022,0,0,1,1,2,35,3,64.057,1.29,14.53,15,0,8.885,4.135,13.383,63,3,76.068,4.063,27.597,"0",1
35,2009,0,0,1,1,2,24,0,142.401,-1.124,10.137,5,2,21.824,0.7,11.58,47,1,216.765,5.028,25.032,"0",1
35,2010,0,0,1,1,2,22,0,190.897,-3.789,12.353,6,0,82.128,0.252,9.959,50,4,257.99,6.785,24.903,"0",1
35,2011,0,0,1,1,2,27,1,103.091,-2.113,12.028,12,0,53.719,4.35,11.012,55,1,163.37,7.616,24.021,"0",1
35,2012,0,0,1,1,1,16,2,19.821,-5.73,10.862,11,2,1.405,3.796,13.052,46,2,221.85,7.129,26.055,"0",1
35,2013,0,0,1,1,2,20,4,70.182,-1.567,10.577,12,1,48.014,-2.162,11.069,44,3,276.567,2.402,26.041,"0",1
35,2014,0,0,1,1,1,28,1,349.89,3.458,11.581,14,0,46.657,4.973,12.266,45,1,125.264,6.671,25.507,"0",1
35,2015,0,0,1,1,2,22,0,103.447,0.292,12.57,11,1,59.424,4.642,11.973,59,3,203.873,6.782,24.993,"0",1
35,2016,0,0,1,0,0,45,0,74.896,1.384,12.95,8,0,44.908,3.633,10.012,36,1,140.173,5.065,24.728,"0",0
35,2017,0,1,1,0,0,25,2,74.906,-1.23,12.77,14,0,26.808,5.35,13.885,53,1,189.077,7.637,26.872,"M",0
35,2018,1,0,0,0,0,20,0,146.475,1.215,13.525,6,0,75.017,-3.664,12.491,57,0,292.784,4.109,24.61,"F",0
35,2019,0,0,1,1,1,24,4,82.335,1.102,11.684,16,0,7.046,5.288,11.971,53,3,131.237,6.826,31.455,"0",1
35,2020,0,0,1,1,2,29,0,102.058,3.477,14.517,10,0,36.848,4.364,13.784,64,0,186.888,4.093,24.538,"0",1
35,2021,0,0,1,1,2,22,1,112.451,-0.566,12.24,16,0,9.78,4.234,11.928,48,2,184.637,4.626,25.684,"0",1
35,2022,0,0,1,1,2,35,3,59.208,0.976,13.943,16,0,15.964,3.582,12.878,63,2,88.205,3.514,28.012,"0",1
36,2009,0,1,1,0,0,20,0,171.847,-1.21,10.671,6,2,23.458,1.253,11.704,48,3,218.752,5.788,25.89,"M",0
36,2010,0,1,0,0,0,20,0,192.291,-3.107,12.522,6,0,88.089,0.11,10.5,47,3,245.035,7.442,25.664,"M",0
36,2011,0,0,1,1,0,26,1,113.249,-1.598,12.381,10,0,64.93,4.827,11.215,52,2,157.238,8.087,24.621,"0",0
36,2012,0,0,0,0,0,15,4,16.802,-5.358,11.651,9,3,1.404,4.09,13.368,43,3,214.518,7.482,26.3,"0",0
36,2013,0,1,0,0,0,22,4,70.211,-1.242,11.024,10,2,50.752,-1.638,11.651,45,4,277.824,2.885,25.93,"M",0
36,2014,0,1,1,0,0,27,1,326.104,3.938,12.108,14,0,43.889,5.381,12.551,43,3,114.579,7.128,26.129,"M",0
36,2015,0,0,1,0,0,21,4,100.238,0.582,12.558,12,2,55.298,5.021,12.687,58,3,208.622,6.913,25.605,"0",0
36,2016,0,1,0,0,0,44,0,77.482,1.689,13.098,10,1,44.827,3.601,10.249,37,2,156.259,5.164,25.034,"M",0
36,2017,0,0,0,0,0,23,2,83.027,-1.203,13.115,14,0,24.76,5.723,14.29,53,1,191.863,7.946,27.343,"0",0
36,2018,0,0,0,0,0,22,0,163.532,1.753,13.771,6,0,84.279,-3.549,13.029,55,0,297.852,4.818,24.841,"0",0
36,2019,1,0,1,0,0,22,6,76.538,1.742,11.845,16,0,8.603,5.876,12.103,51,5,131.815,7.206,31.867,"F",0
36,2020,0,0,1,1,1,29,0,98.907,3.504,14.498,9,0,34.243,5.089,14.189,63,1,177.058,4.988,24.985,"0",1
36,2021,1,0,1,0,0,22,1,118.813,-0.244,12.45,16,0,13.678,4.818,12.122,52,2,180.521,5.197,26.277,"F",0
36,2022,0,0,1,0,0,33,2,54.933,0.743,14.427,14,0,29.223,3.911,13.238,62,2,86.081,3.933,28.601,"0",0
37,2009,0,0,1,1,1,20,0,214.79,-1.836,10.325,6,2,24.537,1.077,11.469,46,0,236.457,5.905,26.087,"0",1
37,2010,0,1,1,1,2,21,0,193.02,-3.207,11.967,7,0,100.435,-0.745,10.278,49,2,265.647,7.433,25.551,"M",1
37,2011,0,0,1,1,1,26,1,142.384,-1.701,11.972,11,0,87.362,4.939,10.707,51,0,157.727,8.06,24.426,"0",1
37,2012,0,0,1,1,2,14,7,18.508,-5.745,11.706,7,3,1.775,3.663,13.457,41,1,241.05,7.212,25.899,"0",1
37,2013,0,0,1,1,2,24,2,75.503,-1.596,10.66,9,1,61.532,-1.822,11.4,45,2,324.843,2.632,24.952,"0",1
37,2014,0,0,1,1,2,33,1,339.47,3.847,11.819,15,0,42.818,5.189,11.938,40,2,123.847,6.848,26.077,"0",1
37,2015,0,0,1,1,2,21,4,92.404,0.098,12.438,11,1,52.304,4.757,12.919,56,1,219.306,6.436,25.732,"0",1
37,2016,0,0,1,1,1,43,0,97.342,1.16,12.722,10,1,49.451,3.078,10.352,35,3,210.166,4.748,24.458,"0",1
37,2017,0,0,1,1,2,21,2,110.329,-1.76,12.459,14,0,27.741,5.61,13.97,51,1,220.267,7.503,27.198,"0",1
37,2018,0,0,1,1,1,22,0,190.544,1.541,12.792,7,0,110.503,-4.33,12.724,55,2,343.633,4.486,24.611,"0",1
37,2019,0,0,1,1,2,21,6,75.05,1.88,11.593,16,0,15.909,5.956,12.548,49,4,161.418,6.782,31.589,"0",1
37,2020,0,0,1,1,1,29,0,116.596,3.232,14.14,8,0,40.691,5.26,14.017,60,1,208.156,5.35,24.476,"0",1
37,2021,0,0,1,1,2,22,1,140.01,-0.516,11.848,15,0,22.128,4.632,11.51,48,1,209.655,5.025,26.036,"0",1
37,2022,0,0,1,0,0,30,1,55.965,0.702,14.257,12,0,54.332,3.728,13.005,60,1,102.552,3.507,28.681,"0",0
4,2009,0,0,1,1,2,27,0,150.144,-0.12,10.273,10,1,22.648,1.047,11.677,55,1,214.273,5.03,24.657,"0",1
4,2010,0,0,1,1,2,23,0,211.386,-3.09,12.792,7,0,79.905,1.287,10.109,58,2,288.238,6.94,24.519,"0",1
4,2011,1,0,0,0,0,33,1,109.364,-1.62,11.997,13,0,63.751,4.338,11.472,63,1,175.564,7.663,24.186,"F",0
4,2012,0,0,0,0,0,18,2,20.05,-4.738,11.543,19,1,1.286,3.767,12.571,44,2,212.983,7.765,26.823,"0",0
4,2013,0,1,1,1,1,23,4,84.238,-0.911,11.217,15,3,47.787,-1.769,11.239,38,2,269.839,2.977,26.751,"M",1
4,2014,0,0,1,1,2,23,1,403.562,3.904,11.793,11,0,49.505,5.751,12.246,49,0,127.438,7.268,25.095,"0",1
4,2015,0,0,1,1,2,22,0,108.802,0.848,13.388,10,1,66.66,5.268,12.169,57,7,187.034,7.307,24.982,"0",1
4,2016,0,0,1,1,2,42,0,71.311,2.124,13.535,8,0,57.697,4.17,10.668,34,1,114.498,6.044,25.316,"0",1
4,2017,0,0,1,1,2,27,2,79.332,-0.867,12.957,15,0,29.595,6.222,14.037,59,0,165.542,8.318,27.034,"0",1
4,2018,0,0,1,1,0,26,3,123.429,1.433,14.379,8,0,75.324,-2.541,12.398,64,0,283.522,4.029,24.841,"0",0
4,2019,0,0,1,1,2,25,2,71.74,0.88,12.292,16,0,2.27,5.691,12.607,53,1,128.544,7.436,30.815,"0",1
4,2020,1,0,1,1,2,30,0,97.514,3.77,15.629,11,0,33.825,5.288,13.446,65,0,204.495,3.637,24.989,"F",1
4,2021,1,0,1,1,0,21,1,113.903,0.066,12.73,17,0,6.866,4.533,12.412,56,1,176.946,4.754,25.241,"F",0
4,2022,0,1,1,1,2,36,1,68.591,1.601,14.716,16,0,6.84,4.071,13.668,67,2,82.451,4.115,27.04,"M",1
5,2009,0,0,1,1,0,30,0,143.4,-0.328,9.976,10,1,22.386,0.678,11.57,58,1,218.879,4.716,24.484,"0",0
5,2010,0,1,1,1,1,26,0,205.469,-3.484,12.553,6,0,80.632,0.982,9.849,60,2,289.196,6.653,24.247,"M",1
5,2011,0,0,1,1,2,33,0,107.603,-1.957,11.806,13,0,60.212,4.074,11.23,65,1,180.86,7.421,24.102,"0",1
5,2012,0,1,1,0,0,19,2,21.082,-5.052,11.271,19,2,1.302,3.617,12.568,44,2,224.665,7.394,26.484,"M",0
5,2013,0,0,1,0,0,22,4,82.004,-1.195,10.822,16,2,48.968,-2.035,10.928,40,2,281.316,2.678,26.536,"0",0
5,2014,1,0,1,1,2,24,1,397.989,3.542,11.469,15,0,50.356,5.323,12.082,50,0,134.211,6.919,24.874,"F",1
5,2015,0,0,1,1,2,22,0,106.365,0.542,13.103,13,1,65.573,4.983,11.791,62,3,189.222,7.072,24.784,"0",1
5,2016,0,0,1,1,2,44,0,73.858,1.745,13.317,8,0,54.612,3.968,10.405,35,1,121.478,5.764,25.008,"0",1
5,2017,0,0,1,1,2,28,1,78.155,-1.118,12.751,15,0,30.298,5.811,13.747,59,0,171.639,8.041,26.815,"0",1
5,2018,0,0,1,1,2,26,1,125.5,1.159,14.06,8,0,76.552,-2.948,12.154,63,0,294,3.882,24.62,"0",1
5,2019,0,0,1,1,1,25,3,76.629,0.634,12.014,16,0,3.355,5.41,12.253,55,1,135.376,7.098,30.778,"0",1
5,2020,1,0,1,1,1,32,0,100.964,3.478,15.409,10,0,36.628,4.706,13.415,66,0,208.616,3.387,24.68,"F",1
5,2021,0,0,1,1,1,24,1,114.017,-0.35,12.492,18,0,7.498,4.16,12.117,59,1,185.891,4.467,25.077,"0",1
5,2022,0,0,1,1,2,37,1,68.709,1.469,14.328,16,0,7.221,3.763,13.309,68,2,88.068,3.827,27.092,"0",1
53,2019,1,1,1,1,1,22,3,76.343,-1.001,9.566,14,0,28.55,4.959,10.831,45,4,222.11,4.285,29.678,"MF",1
53,2020,0,0,1,1,0,23,0,128.431,1.507,12.261,9,0,51.681,3.39,12.092,56,0,248.722,4.011,22.47,"0",0
53,2021,0,0,1,1,1,20,1,166.599,-2.483,9.921,13,0,21.397,2.967,10.121,40,0,279.385,2.54,23.886,"0",1
53,2022,0,0,1,0,0,27,0,64.683,-0.283,12.085,11,0,55.257,1.913,10.992,55,0,140.144,0.42,27.291,"0",0
6,2009,0,0,1,1,2,34,0,144.068,-0.646,8.879,14,1,22.131,-0.239,11.062,70,0,229.063,3.761,23.945,"0",1
6,2010,0,1,1,1,2,27,0,204.037,-4.153,11.757,9,0,81.585,0.541,9.07,65,1,313.997,5.848,23.108,"M",1
6,2011,1,0,1,1,1,37,0,112.845,-2.682,10.889,16,0,63.837,3.351,10.496,71,0,197.131,6.678,23.991,"F",1
6,2012,0,0,1,1,0,26,1,25.179,-5.569,10.718,21,1,1.406,3.226,12.023,54,0,251.647,6.705,25.637,"0",0
6,2013,0,0,1,1,0,25,2,85.063,-1.681,10.588,18,2,57.631,-2.523,9.951,47,0,311.765,1.949,25.958,"0",0
6,2014,1,0,1,1,2,29,1,420.039,2.77,10.388,16,0,51.884,4.454,11.162,57,0,151.386,6.168,24.348,"F",1
6,2015,0,0,1,1,2,28,0,103.969,0.147,13.067,18,0,64.654,4.397,11.257,68,2,189.325,6.486,23.911,"0",1
6,2016,0,0,1,1,2,44,0,79.447,0.976,12.891,12,0,56.202,3.586,10.324,42,1,134.494,5.301,24.276,"0",1
6,2017,0,0,1,1,1,30,0,79.097,-1.659,11.821,15,0,32.7,5.168,13.273,68,0,179.191,7.541,26.062,"0",1
6,2018,0,0,1,1,2,27,2,126.207,0.601,13.118,10,0,86.33,-3.662,11.157,66,0,317.95,3.185,23.858,"0",1
6,2019,0,0,1,1,2,31,0,85.064,-0.153,11.679,15,0,4.392,4.705,11.557,61,1,151.606,6.28,30.161,"0",1
6,2020,0,0,1,1,0,34,0,107.747,2.793,15.48,11,0,43.534,3.939,12.777,73,0,227.291,2.337,23.983,"0",0
6,2021,0,0,1,1,2,26,0,122.576,-1.108,11.894,19,0,7.92,3.186,11.415,66,1,207.658,3.572,24.237,"0",1
6,2022,0,0,1,1,2,42,0,72.303,1.273,13.88,16,0,7.369,3.067,12.892,75,1,104.238,3.203,26.453,"0",1
7,2009,0,0,1,1,2,25,1,138.786,-0.647,10.209,6,2,21.875,0.803,11.743,49,2,217.361,4.958,24.652,"0",1
7,2010,0,0,1,1,1,22,0,199.523,-3.534,12.591,6,0,81.161,0.86,9.951,53,4,266.685,6.793,24.727,"0",1
7,2011,0,0,1,1,2,29,2,102.732,-1.927,12.022,12,0,54.288,4.253,11.229,58,1,173.579,7.581,24.065,"0",1
7,2012,0,0,1,1,1,16,2,19.11,-5.273,11.153,13,2,1.186,3.733,12.926,44,2,218.771,7.396,26.494,"0",1
7,2013,0,0,1,1,2,20,4,75.074,-1.314,10.732,12,2,46.694,-2.074,11.143,37,3,273.298,2.666,26.418,"0",1
7,2014,0,1,1,1,2,23,1,369.707,3.585,11.664,14,0,48.255,5.286,12.319,47,1,128.963,6.922,25.254,"M",1
7,2015,0,0,1,1,1,21,0,104.599,0.473,12.749,12,2,62.167,4.911,11.799,59,5,197.353,7.016,25.07,"0",1
7,2016,0,0,1,1,1,43,1,73.005,1.71,13.256,8,0,49.761,3.862,10.216,35,1,124.211,5.558,25.043,"0",1
7,2017,0,0,1,1,2,26,2,76.405,-1.026,12.931,13,0,28.56,5.698,13.915,59,1,177.681,7.938,26.942,"0",1
7,2018,1,0,0,0,0,20,0,132.723,1.236,14.06,7,0,71.389,-3.116,12.438,59,0,287.26,4.092,24.726,"F",0
7,2019,0,0,1,1,1,23,3,77.034,0.974,11.895,15,0,4.315,5.381,12.179,51,2,130.26,7.089,31.198,"0",1
7,2020,0,0,1,1,1,29,0,101.276,3.6,15,10,0,35.107,4.629,13.751,64,0,197.563,3.8,24.733,"0",1
7,2021,0,0,1,1,1,22,1,108.538,-0.34,12.442,17,0,8.22,4.326,12.116,51,3,180.418,4.656,25.554,"0",1
7,2022,0,0,1,1,1,34,3,64.238,1.19,14.205,15,0,9.911,3.778,13.109,65,2,83.631,3.775,27.63,"0",1
72,2010,1,1,0,0,0,26,0,201.433,-4.072,12.021,8,0,80.861,0.602,9.276,62,2,302.369,6.07,23.507,"MF",0
72,2011,0,0,1,1,0,34,0,109.052,-2.507,11.233,13,0,60.241,3.588,10.717,68,1,191.829,6.904,23.973,"0",0
72,2012,0,1,1,1,1,21,2,23.887,-5.562,10.829,20,1,1.393,3.337,12.242,50,1,244.23,6.827,25.853,"M",1
72,2013,0,0,1,1,0,24,2,82.068,-1.626,10.505,17,2,53.478,-2.464,10.243,41,0,301.537,2.108,26.115,"0",0
72,2014,0,0,1,1,2,27,1,405.723,2.948,10.731,16,0,51.291,4.715,11.497,55,0,146.401,6.331,24.451,"0",1
72,2015,0,0,1,1,2,23,0,103.797,0.192,12.95,18,1,64.146,4.5,11.302,64,3,190.513,6.649,24.203,"0",1
72,2016,0,0,1,1,2,44,0,78.013,1.137,12.954,11,0,53.705,3.653,10.219,37,1,131.458,5.382,24.441,"0",1
72,2017,0,0,1,1,2,30,1,77.756,-1.539,12.134,16,0,31.743,5.264,13.372,61,0,178.829,7.623,26.288,"0",1
72,2018,0,0,1,1,0,26,1,127.028,0.716,13.355,9,0,82.214,-3.539,11.502,64,0,311.162,3.399,24.106,"0",0
72,2019,0,0,1,1,2,26,2,84.19,0.101,11.702,16,0,4.502,4.842,11.668,60,1,146.595,6.493,30.402,"0",1
72,2020,0,0,1,1,1,34,0,106.106,2.96,15.294,11,0,41.838,4.046,13.04,72,0,220.449,2.696,24.114,"0",1
72,2021,0,0,1,1,1,25,0,118.322,-0.942,12.07,18,0,8.063,3.464,11.625,63,1,202.369,3.833,24.498,"0",1
72,2022,0,0,1,1,2,39,0,71.022,1.364,13.885,16,0,7.54,3.23,12.914,73,2,99.447,3.301,26.741,"0",1
75,2015,1,1,1,1,1,21,1,104.757,0.776,12.816,11,3,60.639,5.244,12.186,58,5,196.535,7.268,25.505,"MF",1
75,2016,0,0,1,1,2,42,1,68.907,2.182,13.521,8,1,50.388,4.052,10.564,33,2,114.342,5.793,25.438,"0",1
75,2017,0,0,1,0,0,23,2,76.736,-0.668,13.279,13,0,27.266,6.184,14.274,57,1,171.16,8.211,27.299,"0",0
75,2018,0,0,1,1,0,19,0,134.009,1.631,14.614,7,0,66.213,-2.689,12.857,56,0,269.7,4.463,24.993,"0",0
75,2019,0,0,1,1,2,21,4,68.551,1.363,12.105,15,0,2.984,5.85,12.536,50,3,119.836,7.519,31.466,"0",1
75,2020,0,0,1,1,1,29,0,95.729,3.92,15.083,9,0,30.412,5.257,13.974,61,0,189.107,4.336,25.149,"0",1
75,2021,0,0,1,1,2,21,1,103.067,0.082,12.781,16,0,7.827,4.886,12.465,49,3,164.771,5.106,26.031,"0",1
75,2022,0,0,1,1,2,34,3,61.998,1.167,14.604,15,0,10.718,4.21,13.376,63,3,73.591,4.135,27.812,"0",1
77,2018,1,1,0,0,0,13,1,242.101,0.266,12.782,5,0,134.759,-4.839,11.895,48,1,381.691,3.706,23.809,"MF",0
77,2019,0,0,1,0,0,19,2,69.581,0.938,11.319,14,0,19.535,5.787,12.364,36,2,186.647,5.3,30.156,"0",0
77,2020,0,0,1,0,0,22,0,151.411,3.059,13.448,8,0,50.441,5.063,12.838,44,0,252.908,4.862,23.374,"0",0
77,2021,0,0,1,1,1,14,0,156.543,-1.408,11.386,10,0,49.366,4.358,10.656,35,0,206.06,4.613,25.324,"0",1
77,2022,0,0,1,1,1,29,1,65.94,0.964,14.001,11,0,122.616,3.499,12.35,42,1,136.506,2.176,28.44,"0",1
8,2009,1,1,1,0,0,25,2,138.701,-0.952,10.301,5,2,21.927,0.857,11.735,45,3,215.367,5.114,24.975,"MF",0
8,2010,0,0,0,0,0,22,0,195.076,-3.568,12.537,6,0,81.186,0.557,10.061,49,4,255.067,6.881,25.018,"0",0
8,2011,1,1,0,0,0,27,2,101.938,-1.943,12.1,12,0,52.85,4.379,11.132,51,2,166.659,7.673,24.232,"MF",0
8,2012,0,1,0,0,0,13,2,18.458,-5.432,11.056,12,2,1.247,3.833,13.067,42,2,215.171,7.373,26.358,"M",0
8,2013,1,1,0,0,0,19,4,71.099,-1.394,10.775,12,3,47.127,-2.076,11.256,38,3,268.878,2.607,26.285,"MF",0
8,2014,1,0,0,0,0,23,2,351.806,3.606,11.736,13,0,46.688,5.241,12.385,45,1,123.313,6.891,25.533,"F",0
8,2015,1,1,0,0,0,21,1,104.111,0.449,12.575,11,3,59.751,4.857,12.021,58,4,202.141,6.899,25.179,"MF",0
8,2016,0,1,0,0,0,43,1,72.433,1.658,13.124,8,0,45.859,3.703,10.107,35,2,128.288,5.302,24.98,"M",0
8,2017,0,0,0,0,0,24,2,75.364,-1.036,12.984,14,0,26.703,5.596,14.012,56,1,182.318,7.829,26.917,"0",0
8,2018,1,0,1,1,2,20,0,139.239,1.316,13.951,6,0,69.805,-3.314,12.594,58,0,285.328,4.252,24.74,"F",1
8,2019,0,0,1,1,0,24,5,78.211,1.156,11.819,15,0,5.433,5.411,12.091,53,3,127.005,7.061,31.462,"0",0
8,2020,1,0,1,1,1,29,0,101.535,3.626,14.665,9,0,33.916,4.657,13.87,63,0,188.19,4.077,24.745,"F",1
8,2021,1,0,1,1,0,22,1,107.248,-0.35,12.398,17,0,9.02,4.44,12.075,48,3,176.689,4.759,25.787,"F",0
8,2022,0,0,1,1,2,35,3,61.327,0.998,14.17,16,0,12.961,3.729,12.984,63,2,83.056,3.721,27.934,"0",1
86,2014,1,1,1,0,0,18,1,170.635,3.008,10.248,7,0,44.933,4.935,10.905,19,1,200.083,5.097,24.847,"MF",0
86,2015,0,0,1,1,1,15,4,81.027,-1.534,11.409,6,2,50.795,3.553,13.349,35,6,226.876,3.967,25.469,"0",1
86,2016,0,0,1,1,2,21,0,138.159,0.924,11.656,2,4,82.095,1.7,10.51,21,2,276.25,4.504,22.293,"0",1
86,2017,0,0,1,1,2,17,4,239.628,-3.327,10.454,8,1,63.882,5.656,12.389,35,0,197.94,6.331,25.011,"0",1
86,2018,0,0,1,1,2,14,7,249.384,-0.603,13.091,5,0,120.628,-4.134,11.978,40,0,393.478,2.945,23.733,"0",1
86,2019,0,0,1,1,2,13,4,85.563,0.813,11.854,12,1,16.317,6.075,11.8,28,1,185.653,5.073,28.225,"0",1
86,2020,0,0,1,1,2,17,3,157.029,2.649,13.619,5,0,68.543,4.891,12.122,31,0,292.274,3.951,23.13,"0",1
86,2021,0,0,1,1,1,15,5,166.171,-1.819,11.988,6,1,63.966,5.493,11.334,26,0,176.862,4.153,25.399,"0",1
86,2022,0,0,0,0,0,28,2,87.918,0.165,13.95,6,1,152.82,4.198,11.961,32,2,164.619,1.608,28.125,"0",0
87,2016,1,1,1,1,1,45,0,76.995,1.076,12.804,10,0,48.053,3.608,9.939,39,1,138.175,5.151,24.403,"MF",1
87,2017,0,0,1,1,0,28,1,74.403,-1.607,12.34,13,0,29.957,5.133,13.365,61,0,185.812,7.445,26.376,"0",0
87,2018,0,0,1,0,0,25,0,134.96,0.783,13.355,8,0,77.943,-3.763,11.852,62,0,302.952,3.508,24.276,"0",0
87,2019,0,0,1,1,0,24,3,85.805,0.379,11.503,15,0,6.312,4.868,11.761,56,1,141.424,6.44,30.785,"0",0
87,2020,0,1,1,0,0,30,0,105.225,3.007,14.776,10,0,40.752,3.838,13.339,70,0,208.341,3.215,24.075,"M",0
87,2021,0,0,1,1,1,24,1,113.213,-0.979,12.152,19,0,8.713,3.64,11.748,57,1,199.242,4.045,24.915,"0",1
87,2022,0,0,1,0,0,36,1,64.957,1.271,13.609,15,0,10.008,3.271,12.693,71,2,96.359,3.161,27.253,"0",0
89,2019,1,1,0,0,0,33,0,87.963,-0.776,11.184,16,0,5.811,4.273,11.094,70,1,158.207,5.643,29.797,"MF",0
89,2020,0,0,1,1,2,35,0,110.667,2.167,15.144,12,0,47.079,3.203,12.404,75,0,235.422,1.799,23.287,"0",1
89,2021,0,0,1,1,2,29,0,121.181,-1.818,11.552,21,0,8.232,2.579,10.967,72,0,219.876,2.952,23.795,"0",1
89,2022,0,0,1,1,2,45,0,70.951,0.73,13.324,16,0,8.246,2.575,12.413,81,1,113.168,2.529,26.069,"0",1
90,2019,1,1,0,0,0,22,6,66.947,1.553,12.134,15,0,3.167,5.981,12.575,50,4,116.475,7.649,31.655,"MF",0
90,2020,0,0,1,1,2,28,0,93.977,3.877,15.002,8,0,28.925,5.449,14.08,61,0,183.613,4.615,25.289,"0",1
90,2021,0,0,1,1,1,21,1,101.765,0.163,12.839,17,0,8.241,5.062,12.519,46,3,159.927,5.282,26.273,"0",1
90,2022,0,0,1,1,2,34,4,59.974,1.062,14.708,15,0,12.823,4.288,13.414,61,2,72.145,4.268,28.007,"0",1
